seed,model,N,M,USW,EF violations,CPU time,elapsed time,EF1,fPO
0,3ag,3,1,1.0,2,0.00019500000000016726,0.0001987500000000253,True,True
0,ILP,3,1,1.0,2,0.03295899999999996,0.014739667000000012,True,True
1,3ag,3,1,6.0,2,6.299999999992423e-05,6.429200000002133e-05,True,True
1,ILP,3,1,6.0,2,0.002621999999999902,0.0011322089999999951,True,True
2,3ag,3,1,7.0,2,4.599999999999049e-05,4.724999999999868e-05,True,True
2,ILP,3,1,7.0,2,0.0022259999999998392,0.001081166999999994,True,True
3,3ag,3,1,9.0,2,4.799999999982596e-05,4.891699999998167e-05,True,True
3,ILP,3,1,4.0,2,0.0029959999999999987,0.0010335410000000267,True,True
4,3ag,3,1,8.0,2,6.599999999989947e-05,4.300000000001525e-05,True,True
4,ILP,3,1,2.0,2,0.0039349999999998,0.0012254999999999905,True,True
5,3ag,3,1,4.0,2,6.499999999998174e-05,6.533300000000075e-05,True,True
5,ILP,3,1,4.0,2,0.0033130000000001214,0.0011977089999999913,True,True
6,3ag,3,1,1.0,2,5.900000000003125e-05,5.974999999996955e-05,True,True
6,ILP,3,1,1.0,2,0.003651000000000071,0.001097749999999953,True,True
7,3ag,3,1,5.0,2,4.599999999999049e-05,4.683300000002388e-05,True,True
7,ILP,3,1,4.0,2,0.0027639999999999887,0.0009210829999999892,True,True
8,3ag,3,1,5.0,2,3.8999999999900226e-05,3.9291999999968574e-05,True,True
8,ILP,3,1,2.0,2,0.003222999999999976,0.0008343749999999983,True,True
9,3ag,3,1,9.0,2,4.899999999996574e-05,4.354200000000752e-05,True,True
9,ILP,3,1,6.0,2,0.0032010000000000094,0.000955499999999998,True,True
0,3ag,3,2,5.0,2,0.00010500000000002174,7.574999999998555e-05,True,True
0,ILP,3,2,5.0,2,0.006037999999999988,0.0019355420000000123,True,True
1,3ag,3,2,7.0,3,5.699999999997374e-05,5.804100000000867e-05,True,True
1,ILP,3,2,7.0,3,0.0051720000000001765,0.0015462499999999713,True,True
2,3ag,3,2,17.0,4,6.0999999999866716e-05,5.9499999999990116e-05,True,False
2,ILP,3,2,10.0,2,0.004297999999999913,0.001834290999999988,True,True
3,3ag,3,2,10.0,2,0.00011099999999997223,7.841599999997007e-05,True,True
3,ILP,3,2,10.0,3,0.005831999999999837,0.001655707999999978,True,False
4,3ag,3,2,17.0,3,6.0999999999866716e-05,6.245799999998747e-05,True,False
4,ILP,3,2,10.0,3,0.004786999999999875,0.0015577910000000306,True,True
5,3ag,3,2,9.0,3,0.0001100000000000545,6.0416000000007575e-05,True,False
5,ILP,3,2,8.0,2,0.007585999999999871,0.0035776250000000287,True,True
6,3ag,3,2,6.0,3,0.0031159999999998966,0.00019020899999999674,True,True
6,ILP,3,2,3.0,2,0.01384799999999986,0.006927709000000004,True,True
7,3ag,3,2,11.0,2,8.000000000008001e-05,8.245800000000747e-05,True,True
7,ILP,3,2,8.0,2,0.008166000000000118,0.0034847089999999747,True,True
8,3ag,3,2,11.0,3,0.00017299999999975668,7.887499999997827e-05,True,True
8,ILP,3,2,8.0,3,0.013860000000000205,0.005229499999999998,True,True
9,3ag,3,2,8.0,2,0.003446999999999978,0.00012045799999998996,True,True
9,ILP,3,2,8.0,2,0.010806999999999789,0.004673166999999978,True,True
0,3ag,3,3,10.0,2,8.799999999986596e-05,9.00000000000345e-05,True,True
0,ILP,3,3,10.0,2,0.04073400000000005,0.016606166000000033,True,True
1,3ag,3,3,10.0,2,0.0002589999999997872,0.00013104199999997013,True,True
1,ILP,3,3,10.0,2,0.00903799999999988,0.0033620830000000157,True,True
2,3ag,3,3,12.0,1,8.200000000035956e-05,6.8332999999976e-05,True,True
2,ILP,3,3,12.0,1,0.005454000000000292,0.0028889590000000243,True,True
3,3ag,3,3,14.0,2,0.00011099999999997223,0.00011075000000004831,True,True
3,ILP,3,3,14.0,2,0.0166059999999999,0.004828708999999987,True,True
4,3ag,3,3,13.0,1,8.900000000000574e-05,8.31669999999951e-05,True,True
4,ILP,3,3,13.0,1,0.0066630000000000855,0.002278374999999999,True,True
5,3ag,3,3,9.0,2,0.00015499999999990521,9.949999999997461e-05,True,False
5,ILP,3,3,9.0,2,0.01292099999999996,0.004631416999999971,True,False
6,3ag,3,3,5.0,0,8.700000000017027e-05,8.35839999999699e-05,True,True
6,ILP,3,3,5.0,0,0.0073790000000002465,0.0029372910000000085,True,True
7,3ag,3,3,17.0,2,8.200000000035956e-05,8.35410000000203e-05,True,True
7,ILP,3,3,17.0,2,0.014740999999999893,0.0034553749999999828,True,True
8,3ag,3,3,9.0,1,0.00013200000000024303,7.658300000001894e-05,True,True
8,ILP,3,3,9.0,1,0.01739600000000019,0.004478541999999974,True,True
9,3ag,3,3,10.0,1,0.0001229999999998732,7.787500000000502e-05,True,True
9,ILP,3,3,10.0,1,0.005900000000000016,0.0025170840000000028,True,True
0,3ag,3,4,18.0,3,0.00016999999999978144,0.00012445799999999396,True,True
0,ILP,3,4,16.0,1,0.01607599999999998,0.004097207999999963,True,True
1,3ag,3,4,16.0,0,0.0001609999999998557,0.0001559580000000116,True,True
1,ILP,3,4,16.0,0,0.01610699999999987,0.00421724999999995,True,True
2,3ag,3,4,18.0,2,0.000128000000000128,8.07499999999628e-05,True,True
2,ILP,3,4,17.0,0,0.006601000000000301,0.0022640839999999995,True,True
3,3ag,3,4,19.0,2,0.00019900000000028228,9.804200000002039e-05,True,True
3,ILP,3,4,15.0,1,0.020054999999999712,0.005103332999999988,True,False
4,3ag,3,4,18.0,0,7.599999999996498e-05,7.766599999997625e-05,True,True
4,ILP,3,4,18.0,0,0.006627999999999634,0.0023130829999999936,True,True
5,3ag,3,4,8.0,1,0.00021899999999996922,0.00011354200000002201,True,True
5,ILP,3,4,8.0,1,0.006575999999999915,0.0021885839999999934,True,True
6,3ag,3,4,8.0,0,6.899999999987472e-05,6.416700000000386e-05,True,True
6,ILP,3,4,9.0,1,0.0063500000000003,0.00279095800000001,True,True
7,3ag,3,4,23.0,2,0.00012999999999996348,0.00013170799999995264,True,True
7,ILP,3,4,22.0,2,0.004110999999999976,0.003380333999999985,True,True
8,3ag,3,4,9.0,1,8.300000000005525e-05,8.429200000004133e-05,True,True
8,ILP,3,4,14.0,2,0.015051999999999843,0.005710249999999972,True,True
9,3ag,3,4,16.0,1,0.00011200000000011201,0.00011320800000003128,True,False
9,ILP,3,4,12.0,0,0.002279000000000142,0.0022841670000000036,True,True
0,3ag,3,5,20.0,0,0.00011199999999966792,0.00011283399999995058,True,True
0,ILP,3,5,18.0,1,0.010512999999999995,0.00652137499999994,True,True
1,3ag,3,5,19.0,2,9.400000000026054e-05,9.595900000003432e-05,True,True
1,ILP,3,5,16.0,0,0.005916999999999728,0.0039663749999999665,True,True
2,3ag,3,5,22.0,2,8.900000000000574e-05,9.070900000007764e-05,True,True
2,ILP,3,5,21.0,0,0.00263100000000005,0.002633207999999998,True,True
3,3ag,3,5,17.0,1,0.00010900000000013677,0.00011041699999991827,True,True
3,ILP,3,5,12.0,0,0.0031599999999998296,0.0031710409999999856,True,True
4,3ag,3,5,24.0,3,0.00011899999999975819,0.0001207500000000028,True,True
4,ILP,3,5,21.0,0,0.0026609999999998024,0.0026650000000000285,True,True
5,3ag,3,5,13.0,2,6.90000000003188e-05,6.937499999992713e-05,True,True
5,ILP,3,5,9.0,1,0.002725999999999562,0.0027290829999999655,True,True
6,3ag,3,5,11.0,1,7.599999999996498e-05,7.762499999997008e-05,True,True
6,ILP,3,5,14.0,1,0.01507600000000009,0.005419166000000031,True,True
7,3ag,3,5,23.0,3,9.999999999976694e-05,0.00010154200000001001,True,True
7,ILP,3,5,23.0,0,0.01013799999999998,0.007856790999999919,True,True
8,3ag,3,5,19.0,2,8.60000000000305e-05,8.737500000000065e-05,True,True
8,ILP,3,5,14.0,0,0.005904000000000131,0.012610958000000005,True,True
9,3ag,3,5,18.0,2,9.000000000014552e-05,9.058299999997743e-05,True,True
9,ILP,3,5,13.0,0,0.0028740000000002652,0.002881457999999948,True,True
0,3ag,3,6,27.0,1,0.0006070000000000242,0.0007729159999999569,True,True
0,ILP,3,6,27.0,1,0.012185999999999808,0.006542125000000065,True,True
1,3ag,3,6,18.0,2,0.0001550000000003493,0.00015737500000001514,True,True
1,ILP,3,6,21.0,1,0.020982000000000056,0.0066697909999999805,True,True
2,3ag,3,6,27.0,0,0.00018899999999977268,0.00018991700000003942,True,True
2,ILP,3,6,25.0,1,0.007311999999999763,0.004617541000000003,True,True
3,3ag,3,6,20.0,0,0.0001550000000003493,0.00015624999999996891,True,True
3,ILP,3,6,15.0,0,0.0031360000000000277,0.0031415000000000193,True,True
4,3ag,3,6,26.0,2,0.000124000000000013,0.00012429199999997032,True,True
4,ILP,3,6,22.0,0,0.0030489999999998574,0.0030559169999999636,True,True
5,3ag,3,6,13.0,0,0.00010100000000035081,0.00010145900000002595,True,True
5,ILP,3,6,12.0,0,0.0029839999999996536,0.002987874999999973,True,True
6,3ag,3,6,16.0,0,0.00022400000000022402,0.0002254579999999562,True,True
6,ILP,3,6,16.0,0,0.012329000000000256,0.005831125000000048,True,True
7,3ag,3,6,30.0,2,0.00012600000000029254,0.00012795799999998358,True,True
7,ILP,3,6,28.0,2,0.0032449999999997203,0.0032467079999999315,True,True
8,3ag,3,6,19.0,1,0.00012599999999984846,0.00012691700000000417,True,True
8,ILP,3,6,17.0,0,0.005851999999999968,0.0038982089999999303,True,True
9,3ag,3,6,19.0,1,0.00011699999999992272,0.00011787500000004503,True,False
9,ILP,3,6,16.0,0,0.003449999999999953,0.003486832999999967,True,True
0,3ag,3,7,29.0,0,0.0002140000000001585,0.00021616700000004485,True,True
0,ILP,3,7,29.0,0,0.011454000000000075,0.005600666999999948,True,True
1,3ag,3,7,22.0,1,0.00011900000000020228,0.00012016700000005986,True,True
1,ILP,3,7,19.0,1,0.005489999999999995,0.0040275840000000285,True,True
2,3ag,3,7,27.0,1,0.00011699999999992272,0.0001174579999999592,True,True
2,ILP,3,7,29.0,0,0.02091200000000004,0.008453874999999944,True,True
3,3ag,3,7,22.0,0,0.00015799999999988046,0.00015866700000000122,True,True
3,ILP,3,7,17.0,0,0.003378999999999799,0.0033854159999999744,True,True
4,3ag,3,7,28.0,0,0.00014599999999997948,0.0001475420000000005,True,True
4,ILP,3,7,28.0,0,0.008954999999999824,0.005264791999999963,True,True
5,3ag,3,7,15.0,0,0.0002089999999999037,0.00021079099999998796,True,True
5,ILP,3,7,14.0,1,0.0034360000000002167,0.00344479200000003,True,True
6,3ag,3,7,19.0,0,0.00019199999999974793,0.000192666000000008,True,True
6,ILP,3,7,17.0,0,0.009768999999999917,0.005037999999999987,True,True
7,3ag,3,7,35.0,1,0.00023900000000010024,0.0002407080000000894,True,True
7,ILP,3,7,33.0,2,0.007728999999999875,0.0049772919999999665,True,True
8,3ag,3,7,22.0,1,0.00024399999999991095,0.0002447500000000158,True,True
8,ILP,3,7,20.0,0,0.0034370000000003564,0.00344566699999993,True,True
9,3ag,3,7,18.0,0,0.00019400000000002748,0.0001955000000000151,True,True
9,ILP,3,7,18.0,0,0.003287000000000262,0.003288957999999953,True,True
0,3ag,3,8,30.0,0,0.0002310000000003143,0.00023245799999993544,True,True
0,ILP,3,8,30.0,0,0.014313999999999716,0.006811916999999945,True,True
1,3ag,3,8,27.0,0,0.00019900000000028228,0.00020125000000004167,True,True
1,ILP,3,8,23.0,0,0.013722000000000012,0.006341249999999965,True,True
2,3ag,3,8,34.0,2,0.00020800000000020802,0.0002095830000000687,True,True
2,ILP,3,8,32.0,0,0.004036999999999846,0.004056083999999904,True,True
3,3ag,3,8,24.0,0,0.00022099999999980469,0.0002219589999999938,True,True
3,ILP,3,8,19.0,0,0.0037760000000002236,0.003778500000000018,True,True
4,3ag,3,8,31.0,0,0.00021800000000027353,0.00021920800000008178,True,True
4,ILP,3,8,31.0,0,0.003655000000000186,0.003657124999999928,True,True
5,3ag,3,8,16.0,0,0.00019700000000000273,0.00019862500000000782,True,True
5,ILP,3,8,15.0,1,0.003813999999999762,0.003823542000000013,True,True
6,3ag,3,8,22.0,1,0.0002309999999998702,0.00023204199999993236,True,True
6,ILP,3,8,20.0,0,0.010759000000000185,0.005704208000000044,True,True
7,3ag,3,8,36.0,0,0.0002990000000000492,0.0002987500000000143,True,True
7,ILP,3,8,34.0,2,0.00649299999999986,0.004589916999999999,True,True
8,3ag,3,8,23.0,2,0.00012699999999998823,0.00012820899999999025,True,True
8,ILP,3,8,24.0,0,0.026371000000000144,0.015099542000000077,True,True
9,3ag,3,8,26.0,0,0.0001610000000002998,0.00016220799999999702,True,True
9,ILP,3,8,22.0,0,0.004300999999999888,0.004331165999999942,True,True
0,3ag,3,9,31.0,0,0.00020800000000020802,0.00021008300000002755,True,True
0,ILP,3,9,29.0,0,0.007482999999999684,0.005475458000000044,True,True
1,3ag,3,9,28.0,0,0.00020299999999995322,0.00020458400000000765,True,True
1,ILP,3,9,25.0,0,0.029126000000000207,0.012775124999999998,True,True
2,3ag,3,9,36.0,0,0.00021899999999996922,0.00022104100000008842,True,True
2,ILP,3,9,35.0,1,0.0041400000000000325,0.004141708000000022,True,True
3,3ag,3,9,30.0,1,0.00015199999999992997,0.00015333299999997774,True,False
3,ILP,3,9,21.0,0,0.004632999999999665,0.00464841699999996,True,True
4,3ag,3,9,33.0,0,0.0002260000000000595,0.00022808399999996176,True,True
4,ILP,3,9,33.0,0,0.004148000000000263,0.004156916999999982,True,True
5,3ag,3,9,20.0,1,0.00015499999999990521,0.00015658299999998793,True,True
5,ILP,3,9,16.0,1,0.005098000000000269,0.004487291999999976,True,True
6,3ag,3,9,26.0,0,0.0002949999999999342,0.0002962920000000313,True,True
6,ILP,3,9,23.0,1,0.008018000000000303,0.00548583299999994,True,True
7,3ag,3,9,37.0,0,0.0003380000000001715,0.00033879199999997667,True,True
7,ILP,3,9,35.0,2,0.006925999999999988,0.0049332920000000335,True,True
8,3ag,3,9,29.0,0,0.00020200000000025753,0.0002033749999998946,True,True
8,ILP,3,9,29.0,0,0.02615400000000001,0.009351540999999908,True,True
9,3ag,3,9,29.0,1,0.0001980000000001425,0.0001998749999999605,True,True
9,ILP,3,9,23.0,0,0.004077999999999804,0.004085042000000039,True,True
0,3ag,3,10,32.0,0,0.00025999999999992696,0.0002611670000000066,True,True
0,ILP,3,10,32.0,0,0.007585999999999871,0.0056920830000000144,True,True
1,3ag,3,10,28.0,0,0.0002420000000000755,0.00024279199999999168,True,True
1,ILP,3,10,26.0,0,0.004511999999999627,0.004516999999999993,True,True
2,3ag,3,10,37.0,0,0.0002260000000000595,0.0002270829999999613,True,True
2,ILP,3,10,36.0,0,0.007041999999999771,0.005303292000000015,True,True
3,3ag,3,10,27.0,0,0.0002839999999997289,0.0002866670000000182,True,True
3,ILP,3,10,22.0,0,0.004685999999999968,0.004695499999999964,True,True
4,3ag,3,10,41.0,2,0.00023799999999996047,0.0002382499999999954,True,True
4,ILP,3,10,34.0,0,0.004357999999999862,0.00436104100000001,True,True
5,3ag,3,10,22.0,0,0.000248000000000026,0.0002490830000000388,True,True
5,ILP,3,10,19.0,0,0.004594000000000431,0.0046017919999999934,True,True
6,3ag,3,10,32.0,0,0.00030899999999967065,0.00031195799999994556,True,True
6,ILP,3,10,29.0,0,0.010397999999999907,0.00639041600000001,True,True
7,3ag,3,10,42.0,1,0.0002849999999998687,0.0002867080000000799,True,True
7,ILP,3,10,40.0,0,0.008941999999999783,0.005681500000000006,True,True
8,3ag,3,10,33.0,1,0.0002470000000003303,0.00025129199999995855,True,True
8,ILP,3,10,27.0,0,0.0047000000000001485,0.004709667000000084,True,True
9,3ag,3,10,29.0,1,0.00029199999999995896,0.00029333399999997845,True,False
9,ILP,3,10,25.0,0,0.004413,0.004417375000000057,True,True
0,3ag,3,20,57.0,0,0.0005530000000000257,0.0005542920000000118,True,True
0,ILP,3,20,56.0,0,0.016588000000000047,0.011212082999999984,True,True
1,3ag,3,20,57.0,0,0.0005950000000001232,0.0005967919999999571,True,True
1,ILP,3,20,55.0,0,0.02001199999999992,0.012079000000000062,True,True
2,3ag,3,20,68.0,0,0.0004949999999999122,0.0004962909999999265,True,True
2,ILP,3,20,67.0,0,0.040214000000000194,0.017260416999999917,True,True
3,3ag,3,20,51.0,0,0.0003329999999999167,0.00033379200000005493,True,True
3,ILP,3,20,44.0,0,0.008935999999999833,0.008939208000000032,True,True
4,3ag,3,20,65.0,0,0.0005230000000002732,0.0005249579999999643,True,True
4,ILP,3,20,60.0,0,0.08702100000000002,0.02947416699999994,True,True
5,3ag,3,20,47.0,0,0.000640000000000196,0.0006418329999999806,True,True
5,ILP,3,20,46.0,0,0.008842000000000017,0.00885520900000003,True,True
6,3ag,3,20,55.0,0,0.0006450000000000067,0.000648082999999966,True,True
6,ILP,3,20,51.0,0,0.015641000000000016,0.011077790999999948,True,True
7,3ag,3,20,59.0,0,0.0005589999999999762,0.0005602920000000733,True,True
7,ILP,3,20,61.0,0,0.053679000000000254,0.02050270799999998,True,True
8,3ag,3,20,66.0,0,0.0005180000000000184,0.0005201660000000441,True,True
8,ILP,3,20,64.0,0,0.03995100000000029,0.026277332999999903,True,True
9,3ag,3,20,52.0,0,0.0014210000000001166,0.0015100830000001064,True,True
9,ILP,3,20,51.0,0,0.008898000000000295,0.008963832999999921,True,True
0,3ag,3,30,84.0,0,0.0010100000000003995,0.0010115420000000874,True,True
0,ILP,3,30,84.0,0,0.01737499999999992,0.015184333000000105,True,True
1,3ag,3,30,93.0,0,0.0008429999999997051,0.0008450409999998243,True,True
1,ILP,3,30,88.0,0,0.07385600000000014,0.02976754100000001,True,True
2,3ag,3,30,93.0,0,0.0009799999999997588,0.0009802500000000158,True,True
2,ILP,3,30,89.0,0,0.028692999999999635,0.01837170899999996,True,True
3,3ag,3,30,61.0,0,0.0008349999999999191,0.0008386670000000152,True,True
3,ILP,3,30,60.0,0,0.01664500000000002,0.014739457999999983,True,True
4,3ag,3,30,90.0,0,0.0009090000000000487,0.000911167000000157,True,True
4,ILP,3,30,90.0,0,0.020065999999999917,0.015752042000000133,True,True
5,3ag,3,30,73.0,0,0.0009790000000000632,0.0009833750000001196,True,True
5,ILP,3,30,73.0,0,0.013567999999999802,0.01365904200000001,True,True
6,3ag,3,30,81.0,0,0.0010710000000000441,0.001073042000000024,True,True
6,ILP,3,30,78.0,0,0.040293000000000134,0.02174920800000013,True,True
7,3ag,3,30,95.0,0,0.0008289999999999687,0.0008295419999999609,True,True
7,ILP,3,30,93.0,0,0.020950000000000024,0.015524624999999848,True,True
8,3ag,3,30,97.0,0,0.0009259999999997603,0.0009283329999998369,True,True
8,ILP,3,30,96.0,0,0.02482099999999976,0.016978791999999965,True,True
9,3ag,3,30,74.0,0,0.001136000000000248,0.001147250000000044,True,True
9,ILP,3,30,71.0,0,0.01423799999999975,0.014294666999999928,True,True
0,3ag,3,40,104.0,0,0.0014279999999997628,0.0014301669999998712,True,True
0,ILP,3,40,103.0,0,0.05945599999999995,0.031782584000000114,True,True
1,3ag,3,40,110.0,0,0.0012569999999998416,0.001258334000000083,True,True
1,ILP,3,40,105.0,0,0.030953999999999926,0.022496750000000176,True,True
2,3ag,3,40,110.0,0,0.001459000000000099,0.0015130830000000817,True,True
2,ILP,3,40,106.0,0,0.0341140000000002,0.02383449999999998,True,True
3,3ag,3,40,87.0,0,0.0014540000000002884,0.0014555840000001208,True,True
3,ILP,3,40,87.0,0,0.01841500000000007,0.01843829100000005,True,True
4,3ag,3,40,128.0,0,0.0014790000000002301,0.0014979170000000153,True,True
4,ILP,3,40,128.0,0,0.03480300000000014,0.023529833,True,True
5,3ag,3,40,100.0,0,0.0012819999999997833,0.001283499999999993,True,True
5,ILP,3,40,99.0,0,0.022108999999999934,0.01992716700000008,True,True
6,3ag,3,40,111.0,0,0.001180000000000181,0.0011826660000000544,True,True
6,ILP,3,40,107.0,0,0.03210999999999986,0.024317166999999973,True,True
7,3ag,3,40,131.0,0,0.0013019999999999143,0.0013044170000000577,True,True
7,ILP,3,40,130.0,0,0.0226090000000001,0.02021391699999997,True,True
8,3ag,3,40,123.0,0,0.0012680000000000469,0.001269374999999906,True,True
8,ILP,3,40,123.0,0,0.03923199999999971,0.024737082999999993,True,True
9,3ag,3,40,99.0,0,0.0011120000000000019,0.001117625000000011,True,True
9,ILP,3,40,94.0,0,0.020169000000000104,0.020723875000000058,True,True
0,3ag,3,50,130.0,0,0.0033039999999999736,0.0033819580000000737,True,True
0,ILP,3,50,128.0,0,0.060543000000000013,0.040864416000000015,True,True
1,3ag,3,50,140.0,0,0.0021689999999998655,0.00217058399999992,True,True
1,ILP,3,50,140.0,0,0.024988999999999706,0.025091625000000173,True,True
2,3ag,3,50,143.0,0,0.002110999999999308,0.0021129170000000475,True,True
2,ILP,3,50,142.0,0,0.045870999999999995,0.033176834000000044,True,True
3,3ag,3,50,115.0,0,0.0016119999999997248,0.0016129580000001642,True,True
3,ILP,3,50,113.0,0,0.025180000000000646,0.025222332999999875,True,True
4,3ag,3,50,160.0,0,0.0015320000000000888,0.0015332909999998812,True,True
4,ILP,3,50,155.0,0,0.24764199999999992,0.08268904199999993,True,True
5,3ag,3,50,122.0,0,0.0016540000000002664,0.0016566250000000782,True,True
5,ILP,3,50,122.0,0,0.024351000000000234,0.02441691700000015,True,True
6,3ag,3,50,137.0,0,0.0015000000000000568,0.0015025829999999463,True,True
6,ILP,3,50,134.0,0,0.07065300000000008,0.037978166000000035,True,True
7,3ag,3,50,150.0,0,0.0017979999999999663,0.001804874999999928,True,True
7,ILP,3,50,147.0,0,0.03879599999999961,0.02904641600000013,True,True
8,3ag,3,50,152.0,0,0.00187200000000054,0.0018794999999998119,True,True
8,ILP,3,50,152.0,0,0.05722000000000005,0.036129124999999984,True,True
9,3ag,3,50,123.0,0,0.001808000000000476,0.001820458999999941,True,True
9,ILP,3,50,119.0,0,0.03521199999999958,0.03289091599999994,True,True
0,3ag,3,60,168.0,0,0.002098999999999407,0.0021004170000000766,True,True
0,ILP,3,60,164.0,0,0.061506999999999756,0.040447124999999806,True,True
1,3ag,3,60,159.0,0,0.002526999999999724,0.002527166999999775,True,True
1,ILP,3,60,159.0,0,0.05254799999999982,0.036521000000000026,True,True
2,3ag,3,60,171.0,0,0.001974999999999838,0.0019779999999998132,True,True
2,ILP,3,60,170.0,0,0.11982599999999977,0.0565165839999997,True,True
3,3ag,3,60,149.0,0,0.0025519999999996656,0.002558249999999873,True,True
3,ILP,3,60,148.0,0,0.05271999999999988,0.038903083000000116,True,True
4,3ag,3,60,189.0,0,0.0021599999999999397,0.002161834000000251,True,True
4,ILP,3,60,183.0,0,0.1286839999999998,0.05792033299999977,True,True
5,3ag,3,60,149.0,0,0.002123000000000097,0.0021264160000002974,True,True
5,ILP,3,60,148.0,0,0.03777399999999975,0.034524957999999994,True,True
6,3ag,3,60,160.0,0,0.0017360000000001818,0.0017378340000000492,True,True
6,ILP,3,60,159.0,0,0.05632799999999971,0.04077179200000014,True,True
7,3ag,3,60,165.0,0,0.002062999999999704,0.0020638750000001593,True,True
7,ILP,3,60,162.0,0,0.05121299999999973,0.037393250000000045,True,True
8,3ag,3,60,181.0,0,0.002152000000000598,0.0021530830000000556,True,True
8,ILP,3,60,179.0,0,0.08469399999999982,0.05230800000000002,True,True
9,3ag,3,60,151.0,0,0.0023970000000002045,0.0023991249999997244,True,True
9,ILP,3,60,148.0,0,0.05921500000000002,0.046397542000000236,True,True
0,3ag,3,70,198.0,0,0.0025700000000004053,0.0025744580000002237,True,True
0,ILP,3,70,194.0,0,0.07600600000000046,0.061948582999999946,True,True
1,3ag,3,70,186.0,0,0.002753999999999479,0.0029399579999997982,True,True
1,ILP,3,70,183.0,0,0.04349500000000006,0.03996929200000032,True,True
2,3ag,3,70,199.0,0,0.003301999999999694,0.003374999999999684,True,True
2,ILP,3,70,199.0,0,0.12532600000000027,0.06308783299999998,True,True
3,3ag,3,70,187.0,0,0.0027780000000001692,0.0027805000000000746,True,True
3,ILP,3,70,184.0,0,0.06867499999999982,0.0508034580000003,True,True
4,3ag,3,70,221.0,0,0.0032060000000004862,0.0032717500000001287,True,True
4,ILP,3,70,214.0,0,0.08251400000000064,0.053965083000000025,True,True
5,3ag,3,70,182.0,0,0.002862999999999616,0.002880874999999783,True,True
5,ILP,3,70,181.0,0,0.1368659999999995,0.06750495899999986,True,True
6,3ag,3,70,192.0,0,0.002671000000000312,0.0027124999999998956,True,True
6,ILP,3,70,191.0,0,0.06617099999999976,0.04909033400000018,True,True
7,3ag,3,70,190.0,0,0.002400000000000624,0.0024009999999998755,True,True
7,ILP,3,70,187.0,0,0.12275299999999945,0.06121745899999986,True,True
8,3ag,3,70,205.0,0,0.0026640000000002217,0.0026657500000002443,True,True
8,ILP,3,70,203.0,0,0.12275100000000005,0.06363025000000011,True,True
9,3ag,3,70,180.0,0,0.002233999999999625,0.0022357079999997254,True,True
9,ILP,3,70,180.0,0,0.04433699999999963,0.04084891600000029,True,True
0,3ag,3,80,227.0,0,0.0028889999999996974,0.002889917000000075,True,True
0,ILP,3,80,222.0,0,0.07394400000000001,0.05547104200000019,True,True
1,3ag,3,80,206.0,0,0.003419000000000061,0.0034223749999999775,True,True
1,ILP,3,80,206.0,0,0.04890299999999925,0.04517725000000006,True,True
2,3ag,3,80,225.0,0,0.0030020000000003932,0.0030644999999998035,True,True
2,ILP,3,80,223.0,0,0.1400560000000004,0.0721774169999998,True,True
3,3ag,3,80,210.0,0,0.0027140000000001052,0.0027162910000000373,True,True
3,ILP,3,80,208.0,0,0.07273200000000024,0.0539701250000002,True,True
4,3ag,3,80,252.0,0,0.0034480000000005617,0.0034525830000000646,True,True
4,ILP,3,80,247.0,0,0.20384899999999995,0.08574508299999994,True,True
5,3ag,3,80,205.0,0,0.0034119999999999706,0.003413834000000282,True,True
5,ILP,3,80,205.0,0,0.0690900000000001,0.05058783399999989,True,True
6,3ag,3,80,218.0,0,0.003591000000000122,0.003592709000000305,True,True
6,ILP,3,80,214.0,0,0.11094199999999965,0.0683774589999997,True,True
7,3ag,3,80,221.0,0,0.003617999999999455,0.0036924170000003365,True,True
7,ILP,3,80,221.0,0,0.07576300000000025,0.05634537500000025,True,True
8,3ag,3,80,232.0,0,0.003739000000000381,0.0037645830000001546,True,True
8,ILP,3,80,231.0,0,0.07812999999999981,0.05476241700000006,True,True
9,3ag,3,80,214.0,0,0.0028420000000002332,0.0028441670000001196,True,True
9,ILP,3,80,212.0,0,0.05268499999999943,0.047121999999999886,True,True
0,3ag,3,90,251.0,0,0.0034330000000002414,0.003448208000000008,True,True
0,ILP,3,90,246.0,0,0.13140399999999985,0.07087208300000025,True,True
1,3ag,3,90,241.0,0,0.003298000000000023,0.003299708999999762,True,True
1,ILP,3,90,239.0,0,0.05206999999999962,0.054849292000000105,True,True
2,3ag,3,90,251.0,0,0.003569999999999851,0.003571958999999847,True,True
2,ILP,3,90,249.0,0,0.153632,0.08107050000000005,True,True
3,3ag,3,90,236.0,0,0.004373999999999434,0.004431000000000296,True,True
3,ILP,3,90,234.0,0,0.0812949999999999,0.059938374999999766,True,True
4,3ag,3,90,272.0,0,0.0036800000000001276,0.0036815419999998156,True,True
4,ILP,3,90,266.0,0,0.1959629999999999,0.08887354199999997,True,True
5,3ag,3,90,231.0,0,0.004238999999999216,0.004251792000000698,True,True
5,ILP,3,90,231.0,0,0.1497900000000012,0.07630666600000069,True,True
6,3ag,3,90,249.0,0,0.003690999999999889,0.003692707999999989,True,True
6,ILP,3,90,244.0,0,0.05711400000000033,0.05207337499999998,True,True
7,3ag,3,90,251.0,0,0.0036869999999993297,0.003692207999999475,True,True
7,ILP,3,90,248.0,0,0.07786199999999965,0.05713033299999992,True,True
8,3ag,3,90,267.0,0,0.0033449999999994873,0.003348790999999629,True,True
8,ILP,3,90,266.0,0,0.1744369999999993,0.0859354579999998,True,True
9,3ag,3,90,243.0,0,0.004003000000000867,0.004006917000000776,True,True
9,ILP,3,90,243.0,0,0.05697800000000086,0.05196445800000049,True,True
0,3ag,3,100,280.0,0,0.004747999999999308,0.0047502079999999225,True,True
0,ILP,3,100,277.0,0,0.08732400000000062,0.06300983399999982,True,True
1,3ag,3,100,267.0,0,0.00450400000000073,0.004516875000000198,True,True
1,ILP,3,100,267.0,0,0.05304499999999912,0.053140332999999984,True,True
2,3ag,3,100,274.0,0,0.0036760000000004567,0.003678167000000343,True,True
2,ILP,3,100,272.0,0,0.1911719999999999,0.0943261660000001,True,True
3,3ag,3,100,260.0,0,0.0034969999999994172,0.003509916999999696,True,True
3,ILP,3,100,258.0,0,0.08958600000000061,0.06573350000000033,True,True
4,3ag,3,100,299.0,0,0.003969000000001444,0.003971624999999257,True,True
4,ILP,3,100,293.0,0,0.18674200000000063,0.08790429100000008,True,True
5,3ag,3,100,258.0,0,0.004008999999999929,0.004011499999999835,True,True
5,ILP,3,100,257.0,0,0.0878540000000001,0.06607829200000026,True,True
6,3ag,3,100,272.0,0,0.0037169999999999703,0.003724124999999745,True,True
6,ILP,3,100,272.0,0,0.08569800000000072,0.06700508299999974,True,True
7,3ag,3,100,276.0,0,0.004152999999998741,0.004154542000000205,True,True
7,ILP,3,100,276.0,0,0.06190600000000046,0.055285042000000395,True,True
8,3ag,3,100,297.0,0,0.004697000000000173,0.004705749999999398,True,True
8,ILP,3,100,295.0,0,0.08754599999999968,0.0630945839999999,True,True
9,3ag,3,100,279.0,0,0.003982000000000596,0.003985667000000248,True,True
9,ILP,3,100,279.0,0,0.06125300000000067,0.05588858300000066,True,True
0,3ag,3,150,418.0,0,0.0074299999999993815,0.007433791999999606,True,True
0,ILP,3,150,415.0,0,0.19232899999999908,0.10552820799999996,True,True
1,3ag,3,150,411.0,0,0.0070350000000001245,0.007041290999999283,True,True
1,ILP,3,150,411.0,0,0.11502499999999927,0.0839114160000003,True,True
2,3ag,3,150,412.0,0,0.0064640000000011355,0.0064669999999997785,True,True
2,ILP,3,150,412.0,0,0.11793800000000054,0.08388512500000012,True,True
3,3ag,3,150,391.0,0,0.006353999999999971,0.006356417000000114,True,True
3,ILP,3,150,388.0,0,0.11413200000000145,0.08411124999999942,True,True
4,3ag,3,150,434.0,0,0.008088000000000761,0.008120041999999827,True,True
4,ILP,3,150,427.0,0,0.11420200000000058,0.08289645800000045,True,True
5,3ag,3,150,372.0,0,0.006639000000001616,0.00664299999999951,True,True
5,ILP,3,150,372.0,0,0.10995999999999917,0.08099412500000014,True,True
6,3ag,3,150,395.0,0,0.006762000000000157,0.006774875000000513,True,True
6,ILP,3,150,391.0,0,0.26148799999999994,0.12192870899999964,True,True
7,3ag,3,150,430.0,0,0.007759999999999323,0.007762624999999801,True,True
7,ILP,3,150,425.0,0,0.08540400000000048,0.07823387499999956,True,True
8,3ag,3,150,436.0,0,0.007450999999999652,0.007456083000000113,True,True
8,ILP,3,150,433.0,0,0.11366799999999877,0.08241904199999972,True,True
9,3ag,3,150,433.0,0,0.006851000000001051,0.006868333999999976,True,True
9,ILP,3,150,425.0,0,0.10973999999999862,0.08335187499999996,True,True
0,3ag,3,200,543.0,0,0.009261000000000408,0.00927570799999966,True,True
0,ILP,3,200,543.0,0,0.1364339999999995,0.10262783399999975,True,True
1,3ag,3,200,541.0,0,0.009739999999998972,0.00974191699999949,True,True
1,ILP,3,200,541.0,0,0.13607700000000023,0.10390933299999983,True,True
2,3ag,3,200,546.0,0,0.010146999999999906,0.010149708000000146,True,True
2,ILP,3,200,546.0,0,0.10083400000000076,0.09300141699999998,True,True
3,3ag,3,200,516.0,0,0.008937000000001305,0.009066833999999524,True,True
3,ILP,3,200,515.0,0,0.14016100000000087,0.10551904200000006,True,True
4,3ag,3,200,566.0,0,0.008760999999999797,0.008770624999999477,True,True
4,ILP,3,200,557.0,0,0.16244999999999976,0.11392041600000002,True,True
5,3ag,3,200,507.0,0,0.01039300000000054,0.010456625000000663,True,True
5,ILP,3,200,507.0,0,0.11296500000000087,0.10320925000000081,True,True
6,3ag,3,200,538.0,0,0.008599999999999497,0.008607999999999727,True,True
6,ILP,3,200,538.0,0,0.09938299999999956,0.09411495800000047,True,True
7,3ag,3,200,559.0,0,0.010141000000000844,0.010199124999999754,True,True
7,ILP,3,200,558.0,0,0.10082400000000113,0.09178054199999952,True,True
8,3ag,3,200,560.0,0,0.00977100000000064,0.009772791999999697,True,True
8,ILP,3,200,557.0,0,0.2641240000000007,0.13410975000000036,True,True
9,3ag,3,200,554.0,0,0.010310999999999737,0.010315166999999903,True,True
9,ILP,3,200,554.0,0,0.10257200000000033,0.09281249999999996,True,True
0,3ag,3,250,679.0,0,0.012934000000001333,0.012937834000000592,True,True
0,ILP,3,250,679.0,0,0.10859899999999989,0.10920620899999989,True,True
1,3ag,3,250,663.0,0,0.012043000000000248,0.012051374999999531,True,True
1,ILP,3,250,662.0,0,0.1556040000000003,0.11989345799999995,True,True
2,3ag,3,250,670.0,0,0.013939999999999841,0.013948165999999595,True,True
2,ILP,3,250,670.0,0,0.15646899999999953,0.12017083300000131,True,True
3,3ag,3,250,663.0,0,0.01309199999999855,0.013107500000000272,True,True
3,ILP,3,250,663.0,0,0.15520399999999945,0.11995175000000025,True,True
4,3ag,3,250,703.0,0,0.011022999999999783,0.011045375000000135,True,True
4,ILP,3,250,697.0,0,0.13098399999999977,0.11854558400000137,True,True
5,3ag,3,250,649.0,0,0.014170999999999268,0.014282999999998935,True,True
5,ILP,3,250,649.0,0,0.12473100000000059,0.11445224999999937,True,True
6,3ag,3,250,680.0,0,0.011140000000001038,0.011230416000000076,True,True
6,ILP,3,250,680.0,0,0.14515999999999885,0.12309304100000062,True,True
7,3ag,3,250,665.0,0,0.014590000000000103,0.01459883299999909,True,True
7,ILP,3,250,665.0,0,0.12285299999999921,0.1116495000000004,True,True
8,3ag,3,250,686.0,0,0.013228999999999047,0.013236624999999336,True,True
8,ILP,3,250,682.0,0,0.17966000000000015,0.1269944160000005,True,True
9,3ag,3,250,690.0,0,0.013146000000000768,0.013206083000000035,True,True
9,ILP,3,250,690.0,0,0.15927500000000094,0.12116929199999937,True,True
0,3ag,3,300,815.0,0,0.015473999999999322,0.015487165999999775,True,True
0,ILP,3,300,815.0,0,0.14715400000000045,0.1324948750000008,True,True
1,3ag,3,300,806.0,0,0.01594799999999985,0.015962667000000152,True,True
1,ILP,3,300,806.0,0,0.1844549999999998,0.13866287499999963,True,True
2,3ag,3,300,821.0,0,0.016610000000000014,0.016713541999999748,True,True
2,ILP,3,300,821.0,0,0.14473900000000128,0.13140862499999884,True,True
3,3ag,3,300,812.0,0,0.01700400000000002,0.017008625000000777,True,True
3,ILP,3,300,812.0,0,0.12243199999999987,0.12244991599999899,True,True
4,3ag,3,300,828.0,0,0.01347400000000043,0.0134809159999989,True,True
4,ILP,3,300,821.0,0,0.2406600000000001,0.15931391699999864,True,True
5,3ag,3,300,779.0,0,0.01619799999999927,0.01620516600000066,True,True
5,ILP,3,300,779.0,0,0.2058510000000009,0.1503756249999988,True,True
6,3ag,3,300,836.0,0,0.014399000000000939,0.014413250000000488,True,True
6,ILP,3,300,836.0,0,0.16435899999999926,0.13680383299999832,True,True
7,3ag,3,300,813.0,0,0.017201000000000022,0.017207583999999443,True,True
7,ILP,3,300,813.0,0,0.12529699999999977,0.12535525000000014,True,True
8,3ag,3,300,829.0,0,0.01650200000000268,0.01654045800000148,True,True
8,ILP,3,300,827.0,0,0.7879970000000007,0.301112625,True,True
9,3ag,3,300,804.0,0,0.01681899999999814,0.01685508300000116,True,True
9,ILP,3,300,804.0,0,0.12204600000000099,0.12213641700000011,True,True
0,3ag,3,350,932.0,0,0.018941999999999126,0.018952374999999577,True,True
0,ILP,3,350,932.0,0,0.20156499999999866,0.16002795800000058,True,True
1,3ag,3,350,981.0,0,0.01998000000000033,0.02000025000000072,True,True
1,ILP,3,350,981.0,0,0.23804500000000317,0.16607366699999915,True,True
2,3ag,3,350,948.0,0,0.0186889999999984,0.0187136249999984,True,True
2,ILP,3,350,948.0,0,0.13892599999999788,0.13898954199999913,True,True
3,3ag,3,350,936.0,0,0.021940000000000737,0.021953499999998627,True,True
3,ILP,3,350,936.0,0,0.22331199999999995,0.16230570799999988,True,True
4,3ag,3,350,957.0,0,0.019635999999998432,0.01964304200000022,True,True
4,ILP,3,350,953.0,0,0.42583799999999883,0.22055783300000087,True,True
5,3ag,3,350,919.0,0,0.019216000000000122,0.0192279580000001,True,True
5,ILP,3,350,919.0,0,0.19132099999999852,0.15226283400000007,True,True
6,3ag,3,350,973.0,0,0.017517999999999034,0.01752254200000003,True,True
6,ILP,3,350,973.0,0,0.19091700000000245,0.15454879199999993,True,True
7,3ag,3,350,940.0,0,0.01933000000000007,0.019333874999999168,True,True
7,ILP,3,350,940.0,0,0.22040300000000101,0.15761591699999933,True,True
8,3ag,3,350,958.0,0,0.020724000000001297,0.020728042000000002,True,True
8,ILP,3,350,958.0,0,0.1985449999999993,0.15905049999999932,True,True
9,3ag,3,350,921.0,0,0.02070499999999953,0.02071299999999887,True,True
9,ILP,3,350,921.0,0,0.1988430000000001,0.15749112499999995,True,True
0,3ag,3,400,1059.0,0,0.02196299999999951,0.02199124999999924,True,True
0,ILP,3,400,1059.0,0,0.25189400000000006,0.1823202499999983,True,True
1,3ag,3,400,1110.0,0,0.02381499999999903,0.023864500000000177,True,True
1,ILP,3,400,1110.0,0,0.19099399999999989,0.17067658399999885,True,True
2,3ag,3,400,1084.0,0,0.020915999999999713,0.020925040999999922,True,True
2,ILP,3,400,1084.0,0,0.2103749999999991,0.16821724999999965,True,True
3,3ag,3,400,1074.0,0,0.02026299999999992,0.020267499999999217,True,True
3,ILP,3,400,1071.0,0,0.2398220000000002,0.18029287499999924,True,True
4,3ag,3,400,1091.0,0,0.01863100000000273,0.018643292000000145,True,True
4,ILP,3,400,1086.0,0,0.19279299999999822,0.1731306660000005,True,True
5,3ag,3,400,1078.0,0,0.021705999999998227,0.0217098749999991,True,True
5,ILP,3,400,1078.0,0,0.2184109999999997,0.17611870800000062,True,True
6,3ag,3,400,1109.0,0,0.020803000000000793,0.02081212499999907,True,True
6,ILP,3,400,1109.0,0,0.1725120000000011,0.15645341599999973,True,True
7,3ag,3,400,1076.0,0,0.02430800000000133,0.02431408399999846,True,True
7,ILP,3,400,1076.0,0,0.1552049999999987,0.15526404100000057,True,True
8,3ag,3,400,1097.0,0,0.024481999999999005,0.024494291999999973,True,True
8,ILP,3,400,1097.0,0,0.20926800000000156,0.17021920800000068,True,True
9,3ag,3,400,1054.0,0,0.025677000000001726,0.025684791999999845,True,True
9,ILP,3,400,1054.0,0,0.254446999999999,0.18894095899999996,True,True
0,3ag,3,450,1182.0,0,0.026650999999997538,0.02670133399999841,True,True
0,ILP,3,450,1182.0,0,0.26107999999999976,0.19674141600000006,True,True
1,3ag,3,450,1246.0,0,0.02354100000000159,0.023552792000000267,True,True
1,ILP,3,450,1246.0,0,0.2302930000000032,0.1884070419999997,True,True
2,3ag,3,450,1221.0,0,0.026099000000002093,0.026113124999998405,True,True
2,ILP,3,450,1221.0,0,0.23695100000000124,0.1932627079999989,True,True
3,3ag,3,450,1204.0,0,0.026316999999998814,0.026329583000002543,True,True
3,ILP,3,450,1204.0,0,0.5206410000000012,0.26839566700000006,True,True
4,3ag,3,450,1219.0,0,0.02918199999999871,0.030287041999997655,True,True
4,ILP,3,450,1215.0,0,0.20741700000000307,0.18499412499999934,True,True
5,3ag,3,450,1198.0,0,0.02618800000000121,0.026195790999999247,True,True
5,ILP,3,450,1198.0,0,0.23122499999999846,0.18772266700000273,True,True
6,3ag,3,450,1263.0,0,0.02257799999999932,0.022605459000001105,True,True
6,ILP,3,450,1263.0,0,0.2041649999999997,0.18294324999999745,True,True
7,3ag,3,450,1198.0,0,0.02917900000000273,0.029231707999997525,True,True
7,ILP,3,450,1198.0,0,0.24139600000000172,0.19949820799999785,True,True
8,3ag,3,450,1243.0,0,0.025449999999999307,0.025487707999999998,True,True
8,ILP,3,450,1243.0,0,0.23634299999999797,0.19088858399999964,True,True
9,3ag,3,450,1209.0,0,0.023129000000000843,0.02313995800000157,True,True
9,ILP,3,450,1209.0,0,0.25864899999999835,0.20528316700000104,True,True
0,3ag,3,500,1336.0,0,0.03096700000000041,0.031001959000001023,True,True
0,ILP,3,500,1336.0,0,0.2573819999999998,0.2096923749999995,True,True
1,3ag,3,500,1400.0,0,0.02550899999999956,0.025538209000000478,True,True
1,ILP,3,500,1400.0,0,0.22497900000000115,0.1994495409999999,True,True
2,3ag,3,500,1356.0,0,0.029157999999998907,0.029179584000001313,True,True
2,ILP,3,500,1356.0,0,0.25415800000000033,0.20572250000000025,True,True
3,3ag,3,500,1325.0,0,0.030658999999999992,0.030665542000001267,True,True
3,ILP,3,500,1325.0,0,0.2790719999999993,0.21793108299999986,True,True
4,3ag,3,500,1357.0,0,0.02957400000000021,0.02958212499999746,True,True
4,ILP,3,500,1357.0,0,0.5123669999999976,0.2758166249999974,True,True
5,3ag,3,500,1361.0,0,0.028508999999999673,0.0285285420000001,True,True
5,ILP,3,500,1361.0,0,0.28236100000000164,0.21784633300000067,True,True
6,3ag,3,500,1410.0,0,0.029627999999998877,0.029636041999999918,True,True
6,ILP,3,500,1410.0,0,0.2934359999999998,0.2153930000000024,True,True
7,3ag,3,500,1340.0,0,0.029160999999998438,0.0291690839999994,True,True
7,ILP,3,500,1340.0,0,0.31501300000000043,0.2305784580000001,True,True
8,3ag,3,500,1378.0,0,0.029568999999998624,0.029591834000001427,True,True
8,ILP,3,500,1378.0,0,0.18564999999999898,0.185694625,True,True
9,3ag,3,500,1348.0,0,0.029627999999998877,0.02963704099999731,True,True
9,ILP,3,500,1348.0,0,0.22770699999999877,0.20169112499999997,True,True
0,3ag,3,550,1482.0,0,0.03293400000000091,0.032984582999997514,True,True
0,ILP,3,550,1482.0,0,0.28270800000000307,0.22839808300000186,True,True
1,3ag,3,550,1506.0,0,0.0298349999999985,0.02984945899999758,True,True
1,ILP,3,550,1506.0,0,0.24449300000000207,0.21737379099999998,True,True
2,3ag,3,550,1494.0,0,0.029683000000002124,0.029687291999998422,True,True
2,ILP,3,550,1494.0,0,0.30277500000000046,0.23657754099999906,True,True
3,3ag,3,550,1460.0,0,0.03551000000000215,0.0355134580000005,True,True
3,ILP,3,550,1460.0,0,0.2768039999999985,0.2284461250000014,True,True
4,3ag,3,550,1491.0,0,0.027045000000001096,0.027053041999998584,True,True
4,ILP,3,550,1491.0,0,0.24732799999999955,0.22243841699999933,True,True
5,3ag,3,550,1480.0,0,0.028590000000001226,0.028597874999999107,True,True
5,ILP,3,550,1480.0,0,0.31684800000000024,0.24467012499999896,True,True
6,3ag,3,550,1542.0,0,0.03042299999999898,0.03043224999999694,True,True
6,ILP,3,550,1542.0,0,0.28893899999999917,0.230517791999997,True,True
7,3ag,3,550,1488.0,0,0.031136000000003605,0.031145167000001805,True,True
7,ILP,3,550,1488.0,0,0.27944799999999503,0.22735283399999773,True,True
8,3ag,3,550,1507.0,0,0.03458899999999687,0.034597874999999334,True,True
8,ILP,3,550,1507.0,0,0.28650899999999524,0.23281995800000033,True,True
9,3ag,3,550,1502.0,0,0.029518000000003042,0.02952774999999974,True,True
9,ILP,3,550,1502.0,0,0.323557000000001,0.24382095900000067,True,True
0,3ag,3,600,1633.0,0,0.0386309999999952,0.03863945799999868,True,True
0,ILP,3,600,1633.0,0,0.5788089999999997,0.3261567079999992,True,True
1,3ag,3,600,1648.0,0,0.03603899999999527,0.036090999999998985,True,True
1,ILP,3,600,1648.0,0,0.3666029999999978,0.26445666700000103,True,True
2,3ag,3,600,1652.0,0,0.03441300000000069,0.034423083000000076,True,True
2,ILP,3,600,1652.0,0,0.2257280000000037,0.22576783299999903,True,True
3,3ag,3,600,1590.0,0,0.040098999999997886,0.040110500000000826,True,True
3,ILP,3,600,1590.0,0,0.3789370000000005,0.2751707919999973,True,True
4,3ag,3,600,1630.0,0,0.036559000000004005,0.03658429200000057,True,True
4,ILP,3,600,1630.0,0,0.3058689999999942,0.24794570899999968,True,True
5,3ag,3,600,1635.0,0,0.035658000000005075,0.035667874999997906,True,True
5,ILP,3,600,1635.0,0,0.3002970000000005,0.24531724999999938,True,True
6,3ag,3,600,1680.0,0,0.03513299999999475,0.03518537500000107,True,True
6,ILP,3,600,1680.0,0,0.33800999999999704,0.26475837499999955,True,True
7,3ag,3,600,1624.0,0,0.034112000000000364,0.034122208999999515,True,True
7,ILP,3,600,1624.0,0,0.2670180000000002,0.23923654200000044,True,True
8,3ag,3,600,1662.0,0,0.035232000000000596,0.035239250000000055,True,True
8,ILP,3,600,1662.0,0,0.306716999999999,0.25060508299999995,True,True
9,3ag,3,600,1627.0,0,0.03200199999999853,0.03200675000000075,True,True
9,ILP,3,600,1627.0,0,0.3336219999999983,0.25649562499999945,True,True
0,3ag,3,650,1757.0,0,0.040285000000004345,0.04030795899999973,True,True
0,ILP,3,650,1757.0,0,0.6623650000000012,0.3525435829999992,True,True
1,3ag,3,650,1787.0,0,0.04067799999999977,0.04068820899999892,True,True
1,ILP,3,650,1787.0,0,0.3211809999999957,0.26338554200000175,True,True
2,3ag,3,650,1783.0,0,0.038250000000005,0.038258291999998306,True,True
2,ILP,3,650,1783.0,0,0.29229999999999734,0.2592251670000003,True,True
3,3ag,3,650,1733.0,0,0.04136999999999347,0.041402375000000546,True,True
3,ILP,3,650,1733.0,0,0.3494349999999997,0.27779124999999993,True,True
4,3ag,3,650,1782.0,0,0.03780700000000081,0.037815916999999644,True,True
4,ILP,3,650,1782.0,0,0.3522339999999957,0.2833159589999994,True,True
5,3ag,3,650,1785.0,0,0.039762999999993554,0.03977062499999917,True,True
5,ILP,3,650,1785.0,0,0.3254349999999988,0.2668034579999983,True,True
6,3ag,3,650,1806.0,0,0.03872400000000198,0.03876116700000054,True,True
6,ILP,3,650,1806.0,0,0.4016549999999981,0.29401683400000067,True,True
7,3ag,3,650,1767.0,0,0.03907300000000191,0.03908099999999948,True,True
7,ILP,3,650,1767.0,0,0.39756200000000064,0.28531841600000263,True,True
8,3ag,3,650,1802.0,0,0.04564500000000038,0.04625816600000121,True,True
8,ILP,3,650,1802.0,0,0.6822250000000025,0.363997708000003,True,True
9,3ag,3,650,1761.0,0,0.03608300000000497,0.03610170800000034,True,True
9,ILP,3,650,1761.0,0,0.24596300000000326,0.24626574999999917,True,True
0,3ag,3,700,1907.0,0,0.042563999999998714,0.04260395899999736,True,True
0,ILP,3,700,1907.0,0,0.3533639999999991,0.30703133300000474,True,True
1,3ag,3,700,1927.0,0,0.0458149999999975,0.04585395800000214,True,True
1,ILP,3,700,1927.0,0,0.38800799999999924,0.3037944999999951,True,True
2,3ag,3,700,1920.0,0,0.04350000000000165,0.04354387500000456,True,True
2,ILP,3,700,1920.0,0,0.4375580000000028,0.32595766600000076,True,True
3,3ag,3,700,1847.0,0,0.04519000000000517,0.045206624999998724,True,True
3,ILP,3,700,1847.0,0,0.3850540000000038,0.3012331250000031,True,True
4,3ag,3,700,1915.0,0,0.04128299999999996,0.0413266249999964,True,True
4,ILP,3,700,1915.0,0,0.3529750000000007,0.29376566599999876,True,True
5,3ag,3,700,1912.0,0,0.03887299999999527,0.03890891700000054,True,True
5,ILP,3,700,1912.0,0,0.2613409999999945,0.2614776250000048,True,True
6,3ag,3,700,1950.0,0,0.04175999999999647,0.041783041000002186,True,True
6,ILP,3,700,1950.0,0,0.3990890000000036,0.293722209000002,True,True
7,3ag,3,700,1894.0,0,0.0413029999999992,0.041310625000001266,True,True
7,ILP,3,700,1894.0,0,0.7792920000000052,0.40923120799999424,True,True
8,3ag,3,700,1938.0,0,0.04537199999999331,0.04538037500000058,True,True
8,ILP,3,700,1938.0,0,0.4128430000000023,0.3178313330000009,True,True
9,3ag,3,700,1905.0,0,0.04229600000000033,0.04231137500000415,True,True
9,ILP,3,700,1905.0,0,0.36659700000000583,0.29606333399999585,True,True
0,3ag,3,750,2030.0,0,0.04715999999999809,0.047174832999999694,True,True
0,ILP,3,750,2030.0,0,0.3759939999999986,0.3100182920000023,True,True
1,3ag,3,750,2058.0,0,0.043480000000002406,0.04348925000000037,True,True
1,ILP,3,750,2058.0,0,0.39785499999999985,0.3149985829999977,True,True
2,3ag,3,750,2053.0,0,0.047521000000003255,0.04752437500000184,True,True
2,ILP,3,750,2053.0,0,0.7647919999999999,0.41266258299999947,True,True
3,3ag,3,750,1992.0,0,0.04772100000000279,0.047726083000000585,True,True
3,ILP,3,750,1992.0,0,0.45143099999999947,0.3415672499999971,True,True
4,3ag,3,750,2060.0,0,0.044173000000000684,0.04417770900000306,True,True
4,ILP,3,750,2060.0,0,0.8455859999999973,0.42669316599999974,True,True
5,3ag,3,750,2063.0,0,0.049646000000002743,0.04966029199999866,True,True
5,ILP,3,750,2063.0,0,0.43584699999999543,0.3189596660000049,True,True
6,3ag,3,750,2092.0,0,0.044049000000001115,0.04407812500000574,True,True
6,ILP,3,750,2092.0,0,0.39413199999999904,0.3178155000000018,True,True
7,3ag,3,750,2055.0,0,0.04661600000000021,0.046626624999994704,True,True
7,ILP,3,750,2055.0,0,0.41059300000000576,0.32737391700000273,True,True
8,3ag,3,750,2058.0,0,0.04697000000000173,0.046980708000006643,True,True
8,ILP,3,750,2058.0,0,0.3920310000000029,0.31458212499999405,True,True
9,3ag,3,750,2066.0,0,0.04658500000000032,0.04658929200000017,True,True
9,ILP,3,750,2066.0,0,0.4090320000000034,0.31633995800000037,True,True
0,3ag,3,800,2154.0,0,0.05121499999999912,0.051239374999994425,True,True
0,ILP,3,800,2154.0,0,0.4193830000000034,0.3301547079999949,True,True
1,3ag,3,800,2212.0,0,0.04906299999999675,0.04907829199999725,True,True
1,ILP,3,800,2212.0,0,0.4328819999999993,0.33253737500000113,True,True
2,3ag,3,800,2174.0,0,0.054847999999999786,0.05488383300000521,True,True
2,ILP,3,800,2174.0,0,0.41816599999999937,0.33325104200000055,True,True
3,3ag,3,800,2141.0,0,0.05316900000000402,0.05317825000000198,True,True
3,ILP,3,800,2141.0,0,0.562187999999999,0.39260850000000147,True,True
4,3ag,3,800,2177.0,0,0.05129299999999404,0.051297124999997834,True,True
4,ILP,3,800,2177.0,0,0.48637399999999786,0.34993683399999753,True,True
5,3ag,3,800,2196.0,0,0.05301299999999998,0.05304449999999861,True,True
5,ILP,3,800,2196.0,0,0.48272500000000207,0.34593625000000117,True,True
6,3ag,3,800,2233.0,0,0.051350999999996816,0.05136212499999715,True,True
6,ILP,3,800,2233.0,0,0.3969009999999997,0.3277854170000012,True,True
7,3ag,3,800,2213.0,0,0.048532000000001574,0.04854191700000143,True,True
7,ILP,3,800,2213.0,0,0.48428100000000285,0.35556958300000474,True,True
8,3ag,3,800,2196.0,0,0.05584100000000092,0.05585233300000425,True,True
8,ILP,3,800,2196.0,0,0.49029500000000326,0.369629125000003,True,True
9,3ag,3,800,2184.0,0,0.05043399999999565,0.05064379200000246,True,True
9,ILP,3,800,2184.0,0,0.4808840000000032,0.36464083300000283,True,True
0,3ag,3,850,2310.0,0,0.053804999999996994,0.05381404099999543,True,True
0,ILP,3,850,2310.0,0,0.3910979999999995,0.33848133299999716,True,True
1,3ag,3,850,2359.0,0,0.056656999999994184,0.05666629099999909,True,True
1,ILP,3,850,2359.0,0,0.44001300000000043,0.3487694160000032,True,True
2,3ag,3,850,2297.0,0,0.05818800000000124,0.05820175000000205,True,True
2,ILP,3,850,2297.0,0,0.45987300000000175,0.363389583,True,True
3,3ag,3,850,2275.0,0,0.0556930000000051,0.05569679200000621,True,True
3,ILP,3,850,2275.0,0,0.45565100000000314,0.35542362500000024,True,True
4,3ag,3,850,2310.0,0,0.053362999999997385,0.05338654199999837,True,True
4,ILP,3,850,2310.0,0,0.5185069999999996,0.3874968749999965,True,True
5,3ag,3,850,2334.0,0,0.04908400000000057,0.04909308300000248,True,True
5,ILP,3,850,2334.0,0,0.9229569999999967,0.47913041600000383,True,True
6,3ag,3,850,2376.0,0,0.05162400000000389,0.05164374999999666,True,True
6,ILP,3,850,2376.0,0,0.4248500000000064,0.34551583399999686,True,True
7,3ag,3,850,2363.0,0,0.05372300000000507,0.05374945899999517,True,True
7,ILP,3,850,2363.0,0,0.9208810000000085,0.49890570800000233,True,True
8,3ag,3,850,2314.0,0,0.057734999999993875,0.05786799999999914,True,True
8,ILP,3,850,2314.0,0,0.455758000000003,0.3699637080000002,True,True
9,3ag,3,850,2307.0,0,0.05171300000000656,0.051730915999996796,True,True
9,ILP,3,850,2307.0,0,0.8893969999999882,0.4923530000000014,True,True
0,3ag,3,900,2455.0,0,0.059887000000003354,0.05990358300000054,True,True
0,ILP,3,900,2455.0,0,0.4011830000000032,0.35653824999999983,True,True
1,3ag,3,900,2490.0,0,0.059841000000005806,0.05984975000000503,True,True
1,ILP,3,900,2490.0,0,0.4021969999999868,0.349194875000002,True,True
2,3ag,3,900,2427.0,0,0.057231000000001586,0.05724237500000129,True,True
2,ILP,3,900,2427.0,0,0.4677199999999999,0.3832144169999978,True,True
3,3ag,3,900,2406.0,0,0.06070800000000531,0.06071912499999854,True,True
3,ILP,3,900,2406.0,0,0.5420739999999995,0.3931958750000035,True,True
4,3ag,3,900,2450.0,0,0.055266000000003146,0.05527520900000127,True,True
4,ILP,3,900,2450.0,0,0.9520299999999935,0.5258057919999999,True,True
5,3ag,3,900,2486.0,0,0.0625440000000026,0.062565333000002,True,True
5,ILP,3,900,2486.0,0,0.4489410000000049,0.36501358299999964,True,True
6,3ag,3,900,2540.0,0,0.05611599999998873,0.05612641700000154,True,True
6,ILP,3,900,2540.0,0,0.6068119999999908,0.4308045000000007,True,True
7,3ag,3,900,2482.0,0,0.056617000000002804,0.05662979200000251,True,True
7,ILP,3,900,2482.0,0,0.4671120000000002,0.36914891699999686,True,True
8,3ag,3,900,2460.0,0,0.05981599999999787,0.05983187500000042,True,True
8,ILP,3,900,2460.0,0,0.4926010000000076,0.3909950420000001,True,True
9,3ag,3,900,2433.0,0,0.055770000000009645,0.055779833000002554,True,True
9,ILP,3,900,2433.0,0,0.6126769999999908,0.43231891599999983,True,True
0,3ag,3,950,2593.0,0,0.05999200000000826,0.0599964999999969,True,True
0,ILP,3,950,2593.0,0,0.60749899999999,0.4416245829999994,True,True
1,3ag,3,950,2629.0,0,0.06464300000000378,0.06465333299999543,True,True
1,ILP,3,950,2629.0,0,0.6212210000000056,0.4509352910000004,True,True
2,3ag,3,950,2577.0,0,0.06367299999999432,0.06369087499999893,True,True
2,ILP,3,950,2577.0,0,0.5366959999999921,0.39616399999999885,True,True
3,3ag,3,950,2536.0,0,0.06659400000000915,0.06660204199999953,True,True
3,ILP,3,950,2536.0,0,0.5605780000000067,0.4114619169999969,True,True
4,3ag,3,950,2597.0,0,0.059724000000002775,0.05973258299999884,True,True
4,ILP,3,950,2597.0,0,0.4908840000000083,0.3879741249999995,True,True
5,3ag,3,950,2629.0,0,0.06711599999999862,0.06714037500000103,True,True
5,ILP,3,950,2629.0,0,0.5039579999999972,0.39342829200000295,True,True
6,3ag,3,950,2676.0,0,0.06267799999999113,0.06268591699999604,True,True
6,ILP,3,950,2676.0,0,0.5209530000000058,0.400314458000004,True,True
7,3ag,3,950,2614.0,0,0.06467499999999404,0.06468612500000148,True,True
7,ILP,3,950,2614.0,0,0.570335,0.4118909170000009,True,True
8,3ag,3,950,2592.0,0,0.06573900000000776,0.06576950000000181,True,True
8,ILP,3,950,2592.0,0,0.5451230000000038,0.41664341700000307,True,True
9,3ag,3,950,2575.0,0,0.06646499999999378,0.06646983299999931,True,True
9,ILP,3,950,2575.0,0,0.9710770000000082,0.5564981250000045,True,True
0,3ag,3,1000,2729.0,0,0.06683499999999754,0.06684983299999914,True,True
0,ILP,3,1000,2729.0,0,0.5580049999999943,0.43122833299999996,True,True
1,3ag,3,1000,2791.0,0,0.06714900000000057,0.0671689169999965,True,True
1,ILP,3,1000,2791.0,0,0.6209180000000032,0.44936908300000056,True,True
2,3ag,3,1000,2726.0,0,0.06662299999999277,0.06662612499999909,True,True
2,ILP,3,1000,2726.0,0,0.6265949999999947,0.44395620900000665,True,True
3,3ag,3,1000,2669.0,0,0.06890400000000341,0.06890754200000515,True,True
3,ILP,3,1000,2669.0,0,0.49535899999999344,0.41000883300000623,True,True
4,3ag,3,1000,2730.0,0,0.0666789999999935,0.06669545900000173,True,True
4,ILP,3,1000,2730.0,0,0.5329979999999921,0.4164191670000008,True,True
5,3ag,3,1000,2776.0,0,0.07486400000000515,0.07487566599999695,True,True
5,ILP,3,1000,2776.0,0,0.552505999999994,0.4191900000000004,True,True
6,3ag,3,1000,2818.0,0,0.06794399999999712,0.06795491699999445,True,True
6,ILP,3,1000,2818.0,0,0.5811300000000017,0.427035165999996,True,True
7,3ag,3,1000,2775.0,0,0.06334200000000578,0.06334970900000769,True,True
7,ILP,3,1000,2775.0,0,0.6090260000000001,0.4408792919999911,True,True
8,3ag,3,1000,2726.0,0,0.06638699999999176,0.06644412500000385,True,True
8,ILP,3,1000,2726.0,0,0.6024980000000113,0.44389408299998934,True,True
9,3ag,3,1000,2712.0,0,0.06154899999999941,0.06156116699999359,True,True
9,ILP,3,1000,2712.0,0,0.5879270000000076,0.43832708399999376,True,True
